Movie,Norm of the North: King Sized Adventure,Richard Finn,2019,TV-PG,Children & Family Movies
Movie,Jandino: Whatever it Takes,,2016,TV-MA,Stand-Up Comedy
TV Show,Transformers Prime,,2013,TV-Y7-FV,Kids' TV
TV Show,Transformers: Robots in Disguise,,2016,TV-Y7,Kids' TV
Movie,#realityhigh,Fernando Lebrija,2017,TV-14,Comedies
TV Show,Apaches,,2016,TV-MA,Crime TV Shows
Movie,Automata,Gabe Ibáñez,2014,R,International Movies
Movie,Fabrizio Copano: Solo pienso en mi,Rodrigo Toro,2017,TV-MA,Stand-Up Comedy
TV Show,Fire Chasers,,2017,TV-MA,Docuseries
Movie,Good People,Henrik Ruben Genz,2014,R,Action & Adventure
Movie,Joaquín Reyes: Una y no más,José Miguel Contreras,2017,TV-MA,Stand-Up Comedy
Movie,Kidnapping Mr. Heineken,Daniel Alfredson,2015,R,Action & Adventure
Movie,Krish Trish and Baltiboy,,2009,TV-Y7,Children & Family Movies
Movie,Krish Trish and Baltiboy: Battle of Wits,Munjal Shroff,2013,TV-Y7,Children & Family Movies
Movie,Krish Trish and Baltiboy: Best Friends Forever,Munjal Shroff,2016,TV-Y,Children & Family Movies
Movie,Krish Trish and Baltiboy: Comics of India,Tilak Shetty,2012,TV-Y7,Children & Family Movies
Movie,Krish Trish and Baltiboy: Oversmartness Never Pays,Tilak Shetty,2017,TV-Y7,Children & Family Movies
Movie,Krish Trish and Baltiboy: Part II,,2010,TV-Y7,Children & Family Movies
Movie,Krish Trish and Baltiboy: The Greatest Trick,Munjal Shroff,2013,TV-Y7,Children & Family Movies
Movie,Love,Gaspar Noé,2015,NR,Cult Movies
Movie,Manhattan Romance,Tom O'Brien,2014,TV-14,Comedies
Movie,Moonwalkers,Antoine Bardou-Jacquet,2015,R,Action & Adventure
Movie,Rolling Papers,Mitch Dickman,2015,TV-MA,Documentaries
Movie,Stonehearst Asylum,Brad Anderson,2014,PG-13,Horror Movies
Movie,The Runner,Austin Stark,2015,R,Dramas
Movie,6 Years,Hannah Fidell,2015,NR,Dramas
TV Show,Castle of Stars,,2015,TV-14,International TV Shows
Movie,City of Joy,Madeleine Gavin,2018,TV-MA,Documentaries
TV Show,First and Last,,2018,TV-MA,Docuseries
Movie,Laddaland,Sopon Sukdapisit,2011,TV-MA,Horror Movies
Movie,Next Gen,Kevin R. Adams,2018,TV-PG,Children & Family Movies
Movie,Sierra Burgess Is A Loser,Ian Samuels,2018,PG-13,Comedies
Movie,The Most Assassinated Woman in the World,Franck Ribière,2018,TV-MA,Dramas
Movie,Cézanne et moi,Daniele Thompson,2016,R,Dramas
TV Show,Archibald's Next Big Thing,,2019,TV-Y7,Kids' TV
Movie,Article 15,Anubhav Sinha,2019,TV-MA,Dramas
Movie,Care of Kancharapalem,Maha Venkatesh,2018,TV-14,Comedies
Movie,Ee Nagaraniki Emaindi,Tharun Bhascker,2018,TV-14,Comedies
Movie,Kill Me If You Dare,Şenol Sönmez,2019,TV-14,Comedies
TV Show,The Spy,,2019,TV-MA,International TV Shows
Movie,Hell and Back,Tom Gianas,2015,R,Action & Adventure
Movie,PK,Rajkumar Hirani,2014,TV-14,Comedies
Movie,Hard Tide,Robert Osman,2015,TV-MA,Dramas
Movie,Elstree 1976,Jon Spira,2015,TV-PG,Documentaries
Movie,American Factory: A Conversation with the Obamas,,2019,TV-G,Documentaries
Movie,ATM,Mez Tharatorn,2012,TV-14,Comedies
Movie,Bangkok Traffic (Love) Story,Adisorn Tresirikasem,2009,TV-14,Comedies
Movie,I Fine... Thank You... Love You,Mez Tharatorn,2014,TV-14,Comedies
Movie,One Day,Banjong Pisanthanakun,2016,TV-PG,Dramas
Movie,Phobia 2,Banjong Pisanthanakun,2009,TV-MA,Horror Movies
Movie,Shutter,Banjong Pisanthanakun,2004,TV-MA,Horror Movies
Movie,Suckseed,Chayanop Boonprakob,2011,TV-MA,Comedies
Movie,Carrie Pilby,Susan Johnson,2016,TV-14,Comedies
Movie,Marc Maron: Too Real,Lynn Shelton,2017,TV-MA,Stand-Up Comedy
TV Show,No Tomorrow,,2016,TV-14,Romantic TV Shows
Movie,Saawan,Farhan Alam,2016,TV-14,Dramas
Movie,The Heretics,Chad Archibald,2017,TV-MA,Horror Movies
Movie,The World We Make,Brian Baugh,2019,PG,Dramas
Movie,Watchman,A. L. Vijay,2019,TV-14,Comedies
Movie,Black Panther,Ryan Coogler,2018,PG-13,Action & Adventure
Movie,Man Up,Ben Palmer,2015,R,Comedies
TV Show,Frequency,,2016,TV-14,Crime TV Shows
Movie,Mo Gilligan: Momentum,Chris Howe,2019,TV-MA,Stand-Up Comedy
TV Show,Adam Ruins Everything,,2018,TV-14,TV Comedies
TV Show,Ben 10,,2016,TV-Y7,Kids' TV
Movie,Big Miracle,Ken Kwapis,2012,PG,Children & Family Movies
TV Show,Christiane Amanpour: Sex & Love Around the World,,2018,TV-MA,Docuseries
TV Show,The Eighties,,2016,TV-PG,Docuseries
TV Show,The Nineties,,2017,TV-14,Docuseries
TV Show,The Seventies,,2015,TV-PG,Docuseries
TV Show,We Bare Bears,,2017,TV-Y7,Kids' TV
Movie,The Mayor,Park In-je,2017,TV-MA,Dramas
TV Show,The Royal House of Windsor,,2017,TV-14,British TV Shows
Movie,Amanda Knox,Rod Blackhurst,2016,TV-MA,Documentaries
TV Show,Lovesick,,2014,TV-14,International TV Shows
Movie,The Debt Collector,Jesse V. Johnson,2018,TV-MA,Action & Adventure
Movie,Act of Vengeance,Mahsun Kırmızıgül,2010,NR,Action & Adventure
Movie,Paradise Lost,Monique Gardenberg,2018,TV-MA,Dramas
Movie,Gerald's Game,Mike Flanagan,2017,TV-MA,Horror Movies
Movie,Long Shot,Jacob LaMendola,2017,TV-14,Documentaries
TV Show,Mak Cun,,2015,TV-PG,International TV Shows
Movie,Our Souls at Night,Ritesh Batra,2017,TV-14,Dramas
Movie,Out of Thin Air,Dylan Howitt,2017,TV-14,Documentaries
TV Show,Paul Hollywood's Big Continental Road Trip,,2017,TV-14,British TV Shows
TV Show,Satu Hari,,2014,TV-14,International TV Shows
Movie,Monster High: Boo York; Boo York,William Lau,2015,TV-Y7,Children & Family Movies
Movie,Cultivating the Seas: History and Future of the Full-Cycle Cultured Kindai Tuna,Mana Yasuda,2019,TV-G,Documentaries
Movie,Domino,Brian De Palma,2019,R,International Movies
Movie,TUNA GIRL,Mana Yasuda,2019,TV-PG,Dramas
Movie,5CM,Rizal Mantovani,2012,TV-14,Dramas
Movie,Animal World,Han Yan,2018,TV-MA,Action & Adventure
Movie,Hold the Dark,Jeremy Saulnier,2018,TV-MA,Action & Adventure
Movie,Lessons from a School Shooting: Notes from Dunblane,Kim A. Snyder,2018,TV-PG,Documentaries
TV Show,Made in Mexico,,2018,TV-MA,International TV Shows
Movie,Single,Raditya Dika,2015,TV-PG,Comedies
Movie,The 3rd Eye,Rocky Soraya,2018,TV-MA,Horror Movies
Movie,The Sinking Of Van Der Wijck,Sunil Soraya,2013,TV-14,Dramas
Movie,Two Catalonias,Álvaro Longoria,2018,TV-MA,Documentaries
Movie,Bobby Sands: 66 Days,Brendan Byrne,2016,TV-14,Documentaries
TV Show,Bard of Blood,,2019,TV-MA,International TV Shows
Movie,Deliha 2,Gupse Özay,2018,TV-PG,Comedies
TV Show,Dragons: Rescue Riders,,2019,TV-Y,Kids' TV
Movie,In the Shadow of the Moon,Jim Mickle,2019,TV-MA,Dramas
TV Show,Skylines,,2019,TV-MA,Crime TV Shows
Movie,Sturgill Simpson Presents Sound & Fury,Jumpei Mizusaki,2019,TV-MA,Anime Features
TV Show,The Politician,,2019,TV-14,TV Comedies
Movie,Weeds on Fire,Chi Fat Chan,2016,TV-14,Dramas
Movie,Much Loved,Nabil Ayouch,2015,TV-MA,Dramas
Movie,Joseph: King of Dreams,Rob LaDuca,2000,TV-PG,Children & Family Movies
Movie,Malaal,Mangesh Hadawale,2019,TV-14,International Movies
Movie,The Grandmaster,Wong Kar Wai,2013,PG-13,Action & Adventure
TV Show,The Inmate,,2018,TV-MA,Crime TV Shows
Movie,The Hurricane Heist,Rob Cohen,2018,PG-13,Action & Adventure
Movie,Def Comedy Jam 25,Louis J. Horvitz,2017,TV-MA,Stand-Up Comedy
Movie,Restless Creature: Wendy Whelan,Linda Saffire,2016,TV-MA,Documentaries
Movie,Print the Legend,Luis Lopez,2014,TV-14,Documentaries
Movie,Birders,Otilia Portillo Padua,2019,TV-G,Documentaries
Movie,Furie,Le Van Kiet,2019,TV-MA,Action & Adventure
Movie,Leap!,Eric Summer,2016,PG,Children & Family Movies
Movie,Oh! Baby (Malayalam),B. V. Nandini Reddy,2019,TV-14,Comedies
Movie,Oh! Baby (Tamil),B. V. Nandini Reddy,2019,TV-14,Comedies
Movie,USS Indianapolis: Men of Courage,Mario Van Peebles,2016,R,Action & Adventure
Movie,A Wrinkle in Time,Ava DuVernay,2018,PG,Children & Family Movies
Movie,Teach Us All,Sonia Lowman,2017,TV-14,Documentaries
Movie,White Island,Benjamin Turner,2016,TV-MA,Comedies
Movie,Inside Man: Most Wanted,Michael J. Bassett,2019,R,Action & Adventure
Movie,Jeff Dunham: Beside Himself,Troy Miller,2019,TV-MA,Stand-Up Comedy
Movie,China Salesman,Tan Bing,2017,TV-MA,Action & Adventure
Movie,Swearnet: The Movie,Warren P. Sonoda,2014,NR,Comedies
Movie,The Bar,Álex de la Iglesia,2017,TV-MA,Comedies
Movie,Manmadhudu 2,Rahul Ravindran,2019,TV-MA,Comedies
TV Show,Team Kaylie,,2019,TV-PG,Kids' TV
Movie,Under the Eiffel Tower,Archie Borders,2018,TV-MA,Comedies
Movie,Audrie & Daisy,Bonni Cohen,2016,TV-14,Documentaries
Movie,Iliza Shlesinger: Confirmed Kills,Bobcat Goldthwait,2016,TV-MA,Stand-Up Comedy
TV Show,BONDING,,2019,TV-MA,TV Comedies
Movie,Do Paise Ki Dhoop Chaar Aane Ki Baarish,Deepti Naval,2009,TV-14,Dramas
Movie,20 Feet From Stardom,Morgan Neville,2013,PG-13,Documentaries
Movie,In Darkness,Anthony Byrne,2018,TV-MA,Independent Movies
Movie,Gaga: Five Foot Two,Chris Moukarbel,2017,TV-MA,Documentaries
Movie,The Bad Batch,Ana Lily Amirpour,2016,R,Dramas
Movie,SMOSH: The Movie,Alex Winter,2015,PG-13,Comedies
Movie,King of Boys,Kemi Adetiba,2018,TV-MA,Dramas
Movie,Merry Men: The Real Yoruba Demons,Toka McBaror,2018,TV-MA,Comedies
Movie,Sarah's Key,Gilles Paquet-Brenner,2010,PG-13,Dramas
Movie,The Wedding Party 2: Destination Dubai,Niyi Akinmolayan,2017,TV-14,Comedies
TV Show,Vagabond,,2019,TV-MA,International TV Shows
TV Show,Battlefish,,2018,TV-MA,Reality TV
TV Show,DRAGON PILOT: Hisone & Masotan,,2018,TV-14,Anime Series
TV Show,Hilda,,2018,TV-Y7,Kids' TV
TV Show,Maniac,,2018,TV-MA,TV Comedies
Movie,Quincy,Rashida Jones,2018,TV-MA,Documentaries
Movie,Rafinha Bastos: Ultimatum,,2018,TV-MA,Stand-Up Comedy
TV Show,The Good Cop,,2018,TV-PG,Crime TV Shows
Movie,Between Two Ferns: The Movie,Scott Aukerman,2019,TV-MA,Comedies
TV Show,Criminal: France,,2019,TV-MA,Crime TV Shows
TV Show,Criminal: Germany,,2019,TV-MA,Crime TV Shows
TV Show,Criminal: Spain,Mariano Barroso,2019,TV-MA,Crime TV Shows
TV Show,Criminal: UK,,2019,TV-MA,British TV Shows
Movie,Daddy Issues,Amara Cash,2019,TV-MA,Dramas
TV Show,Inside Bill's Brain: Decoding Bill Gates,,2019,TV-14,Docuseries
TV Show,The Hockey Girls,Kiko Cruz Claverol,2019,TV-MA,International TV Shows
Movie,Travel Mates 2,Bedran Güzel,2018,TV-14,Comedies
Movie,True: Tricky Treat Day,,2019,TV-Y,Children & Family Movies
TV Show,Two Sentence Horror Stories,,2019,TV-14,TV Horror
Movie,Mad World,Chun Wong,2016,TV-MA,Dramas
TV Show,Mobile Suit Gundam UC,,2014,TV-14,Anime Series
Movie,The Bund,,1983,TV-14,Action & Adventure
Movie,The First Line,Coerte Voorhees,2014,TV-14,Dramas
Movie,Maynard,Samuel D. Pollard,2017,TV-PG,Documentaries
TV Show,Monkey Twins,,2018,TV-MA,Crime TV Shows
Movie,Bitcoin Heist,Ham Tran,2016,TV-14,Action & Adventure
Movie,I Am Not Madame Bovary,Feng Xiaogang,2016,TV-14,Comedies
Movie,Vincent N Roxxy,Gary Michael Schultz,2016,R,Dramas
TV Show,Chef's Table: France,,2016,TV-14,Docuseries
TV Show,Kulipari: An Army of Frogs,,2016,TV-Y7-FV,Kids' TV
Movie,Miss Julie,Liv Ullmann,2014,PG-13,Dramas
Movie,Kabir Singh,Sandeep Reddy Vanga,2019,TV-MA,Dramas
Movie,Océans,Jacques Perrin,2009,G,Documentaries
Movie,The Endless,Justin Benson,2017,TV-MA,Independent Movies
TV Show,Transformers: Rescue Bots,,2016,TV-Y7,Kids' TV
Movie,Jerry Before Seinfeld,Michael Bonfiglio,2017,TV-14,Stand-Up Comedy
TV Show,Manhunt,,2017,TV-14,Crime TV Shows
Movie,Karol Modzelewski; Łukasz „Lotek” Lodkowski No Offense,,2016,TV-MA,Stand-Up Comedy
Movie,Katarzyna Piasecka; Rafał Pacześ Seriously Funny,,2016,TV-MA,Stand-Up Comedy
Movie,Mariusz Kałamaga; Karol Kopiec; Wiolka Walaszczyk Hilarious Trio,,2016,TV-MA,Stand-Up Comedy
Movie,Rafał Banaś; Michał Leja Laugh out Loud,,2016,TV-MA,Stand-Up Comedy
Movie,The Best of Rafał Rutkowski Olka Szczęśniak,,2016,TV-MA,Stand-Up Comedy
Movie,Tomasz Jachimek; Jacek Stramik Laugh at Live,,2016,TV-MA,Stand-Up Comedy
Movie,Come and Find Me,Zack Whedon,2016,R,Dramas
TV Show,When the Camellia Blooms,,2019,TV-14,International TV Shows
Movie,Class Rank,Eric Stoltz,2018,TV-14,Comedies
Movie,Barbie Dolphin Magic,Conrad Helten,2017,TV-G,Children & Family Movies
TV Show,Forget Me Not,,2011,TV-MA,International TV Shows
TV Show,The Beat,,2012,TV-PG,International TV Shows
TV Show,Timeless Season,,2009,TV-14,International TV Shows
Movie,Keith Richards: Under the Influence,Morgan Neville,2015,TV-PG,Documentaries
Movie,A Haunting at Silver Falls: The Return,Teo Konuralp,2019,TV-14,Horror Movies
TV Show,Ancient Aliens,,2010,TV-PG,Docuseries
Movie,Avengement,Jesse V. Johnson,2019,TV-MA,Action & Adventure
Movie,Clive Davis: The Soundtrack of Our Lives,Chris Perkel,2017,TV-14,Documentaries
Movie,Five Elements Ninjas,Cheh Chang,1982,R,Action & Adventure
Movie,Sebastian Maniscalco: What's Wrong with People?,Manny Rodriguez,2012,TV-14,Stand-Up Comedy
TV Show,The Last Kids on Earth,,2019,TV-Y7-FV,Kids' TV
Movie,The Witch,Robert Eggers,2015,R,Horror Movies
TV Show,Click for Murder,,2017,TV-14,British TV Shows
Movie,I Am Wrath,Chuck Russell,2016,R,Action & Adventure
Movie,As Above; So Below,John Erick Dowdle,2014,R,Horror Movies
Movie,Scott Pilgrim vs. the World,Edgar Wright,2010,PG-13,Action & Adventure
Movie,ARQ,Tony Elliott,2016,TV-MA,International Movies
Movie,Cedric the Entertainer: Live from the Ville,Troy Miller,2016,TV-MA,Stand-Up Comedy
Movie,Louis C.K.: Hilarious,Louis C.K.,2010,,Movies
Movie,Raiders!: The Story of the Greatest Fan Film Ever Made,Jeremy Coon,2015,NR,Documentaries
Movie,The White Helmets,Orlando von Einsiedel,2016,TV-14,Documentaries
TV Show,America's Book of Secrets,,2014,TV-14,Docuseries
TV Show,Bakugan: Battle Planet,,2018,TV-PG,Anime Series
TV Show,Cold Case Files,,2017,TV-14,Crime TV Shows
Movie,Los Tigres del Norte at Folsom Prison,Tom Donahue,2019,TV-PG,Documentaries
TV Show,Pawn Stars,,2010,TV-PG,Reality TV
Movie,Steal a Pencil for Me,Michèle Ohayon,2006,TV-14,Documentaries
TV Show,Surviving R. Kelly,,2019,TV-MA,Docuseries
TV Show,The Curse of Oak Island,,2014,TV-PG,Docuseries
Movie,The Outsider,Timothy Woodward Jr.,2019,TV-MA,Movies
TV Show,The Rap Game,,2016,TV-14,Reality TV
TV Show,The Universe,,2009,TV-PG,Docuseries
TV Show,Al Hayba,,2017,TV-14,Crime TV Shows
Movie,Arisan 2,Nia Dinata,2011,TV-14,Comedies
TV Show,Cabins in the Wild with Dick Strawbridge,,2017,TV-PG,British TV Shows
Movie,Cardboard Gangsters,Mark O'Connor,2016,TV-MA,Dramas
Movie,Eeda,Ajithkumar,2018,TV-14,Dramas
Movie,Galih dan Ratna,Lucky Kuswandi,2017,TV-PG,Dramas
Movie,Gie,Riri Riza,2005,TV-14,Dramas
Movie,Goli Soda 2,Vijay Milton,2018,TV-MA,Action & Adventure
TV Show,How to Live Mortgage Free with Sarah Beeny,,2018,TV-14,British TV Shows
TV Show,Inside The Freemasons,,2017,TV-14,British TV Shows
Movie,Jugaad,Susannah Heath-Eves,2017,TV-14,Documentaries
Movie,​Maj Rati ​​Keteki,Santwana Bardoloi,2017,TV-14,Dramas
Movie,​Mayurakshi,Atanu Ghosh,2017,TV-14,Dramas
Movie,Red Oleanders Raktokarobi,Amitava Bhattacharya,2017,TV-14,Dramas
Movie,Samantaral,Partha Chakraborty,2017,TV-MA,Dramas
Movie,The Secret,Raffi Ahmad,2018,TV-MA,Horror Movies
Movie,First They Killed My Father,Angelina Jolie,2017,TV-MA,Dramas
Movie,Gagarin: First in Space,Pavel Parkhomenko,2013,TV-14,Dramas
Movie,Janaan,Azfar Jafri,2016,TV-14,Comedies
Movie,Larceny,R. Ellis Frazier,2017,TV-14,Action & Adventure
Movie,Rumble,R. Ellis Frazier,2016,TV-MA,Action & Adventure
Movie,Strong Island,Yance Ford,2017,TV-MA,Documentaries
TV Show,The Five,Mark Tonderai,2016,TV-MA,British TV Shows
Movie,Natural Born Pranksters,Roman Atwood,2016,R,Comedies
Movie,Sample This,Dan Forrer,2012,TV-14,Documentaries
TV Show,Wartime Portraits,,2014,TV-MA,Docuseries
Movie,Cowspiracy: The Sustainability Secret,Kip Andersen,2014,NR,Documentaries
Movie,Oh! Baby,B. V. Nandini Reddy,2019,TV-14,Comedies
Movie,The Crystal Calls Making the Dark Crystal: Age of Resistance,Randall Lobb,2019,TV-PG,Documentaries
Movie,We Have Always Lived in the Castle,Stacie Passon,2018,TV-14,Dramas
Movie,Bangkok Hell,Manop Janjarasskul,2002,TV-MA,Dramas
TV Show,Behind the Newsroom,,2015,TV-14,International TV Shows
Movie,Bleach,Shinsuke Sato,2018,TV-14,Action & Adventure
TV Show,Boca Juniors Confidential,,2018,TV-PG,Docuseries
TV Show,Car Masters: Rust to Riches,,2018,TV-PG,Reality TV
TV Show,Norm Macdonald Has a Show,,2018,TV-MA,Stand-Up Comedy & Talk Shows
Movie,Still,Chatchai Katenut,2010,TV-MA,Horror Movies
TV Show,Super Monsters Monster Party,,2018,TV-Y,Kids' TV
Movie,The Angel,Ariel Vromen,2018,TV-MA,Dramas
Movie,The Land of Steady Habits,Nicole Holofcener,2018,TV-MA,Comedies
TV Show,The Rise of Phoenixes,,2018,TV-14,International TV Shows
Movie,American Warfighter,Jerry G. Angelo,2019,TV-MA,Dramas
Movie,Deviant Love,Michael Feifer,2019,TV-14,Thrillers
Movie,Head Count,Elle Callahan,2018,TV-MA,Horror Movies
Movie,Hello; Privilege. It's Me; Chelsea,Alex Stapleton,2019,TV-MA,Documentaries
TV Show,Kabaneri of the Iron Fortress: The Battle of Unato,,2019,TV-MA,Anime Series
Movie,Locked on You,Kıvanç Baruönü,2018,TV-14,Comedies
TV Show,Marianne,,2019,TV-MA,International TV Shows
TV Show,Monarca,,2019,TV-MA,International TV Shows
Movie,Shanghai Fortress,Teng Huatao,2019,TV-14,Dramas
Movie,Tall Girl,Nzingha Stewart,2019,TV-PG,Children & Family Movies
Movie,Time Trap,Mark Dennis,2018,TV-14,Action & Adventure
TV Show,Top Boy,,2019,TV-MA,British TV Shows
TV Show,Unbelievable,,2019,TV-MA,Crime TV Shows
Movie,Reversing Roe,,2018,TV-14,Documentaries
Movie,Ghost of the Mountains,Ben Wallis,2017,G,Documentaries
Movie,Extremis,Dan Krauss,2016,TV-PG,Documentaries
TV Show,The I-Land,,2019,TV-MA,TV Action & Adventure
TV Show,The Mind; Explained,,2019,TV-14,Docuseries
Movie,Turbo,David Soren,2013,PG,Children & Family Movies
TV Show,Life,,2018,TV-MA,International TV Shows
Movie,On My Skin,Alessio Cremonini,2018,TV-MA,Dramas
Movie,Heroin(e),Elaine McMillion Sheldon,2017,TV-14,Documentaries
Movie,Jeff Dunham: Relative Disaster,Michael Simon,2017,TV-MA,Stand-Up Comedy
TV Show,Daniel Sloss: Live Shows,,2018,TV-MA,Stand-Up Comedy & Talk Shows
TV Show,If I were an Animal,,2018,TV-Y,Docuseries
Movie,The Resistance Banker,Joram Lürsen,2018,TV-MA,Dramas
Movie,The Forgotten,Oliver Frampton,2014,TV-MA,Horror Movies
Movie,Bill Burr: Paper Tiger,Mike Binder,2019,TV-MA,Stand-Up Comedy
Movie,Eat Pray Love,Ryan Murphy,2010,PG-13,Dramas
Movie,Evelyn,Orlando von Einsiedel,2019,TV-MA,Documentaries
Movie,Our Godfather,Mark Franchetti,2019,TV-MA,Documentaries
TV Show,Terrace House: Tokyo 2019-2020,,2019,TV-MA,International TV Shows
Movie,My Teacher; My Obsession,Damián Romay,2018,TV-14,Thrillers
Movie,68 Kill,Trent Haaga,2017,R,Comedies
Movie,American Psycho,Mary Harron,2000,R,Comedies
Movie,Dante's Peak,Roger Donaldson,1997,PG-13,Action & Adventure
Movie,Elena,Petra Costa,2012,TV-14,Documentaries
Movie,First Kill,Steven C. Miller,2017,R,Action & Adventure
Movie,For the Birds,Richard Miron,2018,TV-MA,Documentaries
Movie,Igor,Tony Leondis,2008,PG,Children & Family Movies
Movie,Just Friends,Roger Kumble,2005,PG-13,Comedies
TV Show,Loo Loo Kids: Johny & Friends Musical Adventures,,2016,TV-Y,Kids' TV
Movie,Mokalik (Mechanic),Kunle Afolayan,2019,TV-14,Dramas
Movie,Mr. Woodcock,Craig Gillespie,2007,PG-13,Comedies
Movie,My Sister's Keeper,Nick Cassavetes,2009,PG-13,Dramas
Movie,Mystic River,Clint Eastwood,2003,R,Dramas
Movie,Oct-01,Kunle Afolayan,2014,TV-MA,Dramas
Movie,Olmo & the Seagull,Petra Costa,2014,TV-MA,Dramas
Movie,Open Season,Roger Allers,2006,PG,Children & Family Movies
Movie,Phone Swap,Kunle Afolayan,2012,TV-14,Comedies
Movie,Poseidon,Wolfgang Petersen,2006,PG-13,Action & Adventure
Movie,Rachel Getting Married,Jonathan Demme,2008,R,Dramas
TV Show,Serial Killer with Piers Morgan,,2018,TV-14,British TV Shows
Movie,Spookley the Square Pumpkin,Bernie Denk,2004,G,Children & Family Movies
Movie,Stripes,Ivan Reitman,1981,R,Classic Movies
Movie,Superbad,Greg Mottola,2007,R,Comedies
Movie,The Bridge,Kunle Afolayan,2017,TV-14,Dramas
Movie,The CEO,Kunle Afolayan,2016,TV-14,Dramas
Movie,The Lake House,Alejandro Agresti,2006,PG,Dramas
Movie,The Last Exorcism,Daniel Stamm,2010,PG-13,Horror Movies
Movie,The Saint,Phillip Noyce,1997,PG-13,Action & Adventure
Movie,The Taking of Pelham 123,Tony Scott,2009,R,Action & Adventure
TV Show,Transformers Rescue Bots Academy,,2019,TV-Y,Kids' TV
TV Show,Transformers: Cyberverse,,2018,TV-Y7,Kids' TV
Movie,Uncle Naji in UAE,Ahmed Zain,2019,TV-14,Comedies
Movie,Used Goods,Mohamed Hamdy,2018,TV-MA,Action & Adventure
Movie,You Don't Mess with the Zohan,Dennis Dugan,2008,UR,Action & Adventure
TV Show,Age of Rebellion,Peter Ho,2018,TV-MA,Crime TV Shows
Movie,Barça Dreams,Jordi Llompart,2015,TV-14,Documentaries
Movie,Brick,Rian Johnson,2005,R,Independent Movies
Movie,Carbon,Olivier Marchal,2017,TV-MA,Dramas
Movie,Delirium,Dennis Iliadis,2018,R,Horror Movies
Movie,Garbage,Qaushiq Mukherjee,2018,TV-MA,Dramas
Movie,Hope Aur Hum,Sudip Bandyopadhyay,2018,TV-14,Children & Family Movies
Movie,​​Kuch Bheege Alfaaz,Onir,2018,TV-14,Dramas
Movie,Love and Shukla,Jatla Siddartha,2017,TV-MA,Dramas
Movie,Murder Party,Jeremy Saulnier,2007,NR,Comedies
Movie,Once Again,Kanwal Sethi,2018,TV-PG,Dramas
Movie,Pee Mak,Banjong Pisanthanakun,2013,TV-MA,Comedies
TV Show,Sisters,,2018,TV-MA,International TV Shows
Movie,Solo Con Tu Pareja,Alfonso Cuarón,1991,NR,Comedies
Movie,Sparring,Samuel Jouy,2017,TV-14,Dramas
Movie,Stephanie,Akiva Goldsman,2017,R,Horror Movies
Movie,Terrifier,Damien Leone,2017,TV-MA,Horror Movies
Movie,The Keeping Hours,Karen Moncrieff,2017,PG-13,Dramas
Movie,The Perfect Day,Jean-Pierre Devillers,2018,TV-14,Documentaries
Movie,The Promise,Sophon Sakdaphisit,2017,TV-MA,Horror Movies
Movie,The River Wild,Curtis Hanson,1994,PG-13,Action & Adventure
TV Show,The Road to Calvary,,2017,TV-14,International TV Shows
Movie,최강전사 미니특공대 : 영웅의 탄생,Young Jun Lee,2018,TV-Y7-FV,Children & Family Movies
TV Show,A Boy Name Flora A,,2017,TV-MA,International TV Shows
TV Show,A House of Blocks,,2017,TV-MA,International TV Shows
Movie,Aakhri Adaalat,Rajiv Mehra,1988,TV-14,Action & Adventure
Movie,Alias JJ; la celebridad del mal,,2017,TV-14,Documentaries
TV Show,All About Love,,2017,TV-14,International TV Shows
Movie,Berserk: The Golden Age Arc II - The Battle for Doldrey,Toshiyuki Kubooka,2012,TV-MA,Action & Adventure
Movie,Berserk: The Golden Age Arc III - The Advent,Toshiyuki Kubooka,2013,TV-MA,Action & Adventure
Movie,Brother's Shadow,Todd S. Yellin,2006,TV-14,Dramas
Movie,Chadi Jawani Budhe Nu,,1976,TV-PG,Comedies
Movie,Concrete Football,Jesse Adang,2016,TV-MA,Documentaries
Movie,Ek Jaan Hain Hum,Rajiv Mehra,1983,TV-14,Dramas
TV Show,FINAL FANTASY XIV Dad of Light,,2017,TV-PG,International TV Shows
TV Show,Gurren Lagann,,2007,TV-14,Anime Series
TV Show,High Risk,,1988,TV-G,Docuseries
Movie,Incorruptible,Elizabeth Chai Vasarhelyi,2015,TV-MA,Documentaries
Movie,Inuyasha the Movie - L'isola del fuoco scarlatto,Toshiya Shinohara,2004,NR,Action & Adventure
Movie,Inuyasha the Movie - La spada del dominatore del mondo,Toshiya Shinohara,2003,NR,Action & Adventure
Movie,InuYasha: The Movie 2: The Castle Beyond the Looking Glass,Toshiya Shinohara,2002,NR,Action & Adventure
Movie,Khoon Khoon,Mohammed Hussain,1973,TV-14,Action & Adventure
TV Show,LEGO Elves: Secrets of Elvendale,,2017,TV-Y7,Kids' TV
Movie,Little Evil,Eli Craig,2017,TV-MA,Comedies
Movie,Lorai: Play to Live,Parambrata Chatterjee,2015,TV-14,Dramas
TV Show,Maniac,,2015,TV-MA,International TV Shows
Movie,Manoranjan,Shammi Kapoor,1974,TV-14,Comedies
Movie,Mujrim,Umesh Mehra,1989,TV-14,Action & Adventure
Movie,Naruto Shippuden : Blood Prison,Masahiko Murata,2011,TV-14,Action & Adventure
Movie,Naruto Shippûden the Movie: The Will of Fire,Masahiko Murata,2009,TV-14,Action & Adventure
Movie,Naruto Shippuden: The Movie: The Lost Tower,Masahiko Murata,2010,TV-14,Action & Adventure
Movie,Naruto the Movie 2: Legend of the Stone of Gelel,Hirotsugu Kawasaki,2005,NR,Action & Adventure
Movie,Naruto the Movie 3: Guardians of the Crescent Moon Kingdom,Toshiyuki Tsuru,2006,NR,Action & Adventure
Movie,Naruto the Movie: Ninja Clash in the Land of Snow,Tensai Okamura,2004,NR,Action & Adventure
Movie,Offline - Das leben ist kein bonuslevel,Florian Schnell,2016,TV-MA,Action & Adventure
Movie,Resurface,Josh Izenberg,2017,TV-MA,Documentaries
Movie,Rocco,Thierry Demaizière,2016,TV-MA,Documentaries
Movie,She's Gotta Have It,Spike Lee,1986,R,Classic Movies
Movie,Sohni Mahiwal,Latif Faiziyev,1984,TV-PG,Dramas
Movie,The Distinguished Citizen,Gastón Duprat,2016,TV-MA,Comedies
Movie,The Drowning,Bette Gordon,2016,TV-MA,Thrillers
Movie,The Guardian Brothers,Gary Wang,2016,TV-Y7-FV,Children & Family Movies
Movie,The Last Shaman,Raz Degan,2016,TV-MA,Documentaries
Movie,The Lost Brother,Israel Adrián Caetano,2017,TV-MA,Dramas
TV Show,Tip the Mouse,,2014,TV-Y,Kids' TV
Movie,Todo Sobre El Asado,Mariano Cohn,2016,TV-14,Documentaries
Movie,Who the F**k Is That Guy?,Drew Stone,2017,TV-MA,Documentaries
Movie,A Noble Intention,Joram Lürsen,2015,NR,Dramas
Movie,Bon Bini Holland,Jelle de Jonge,2015,TV-14,Comedies
TV Show,Conspiracy,,2015,TV-14,British TV Shows
TV Show,Dead Set,,2008,TV-MA,British TV Shows
Movie,Dukhtar,Afia Nathaniel,2014,TV-14,Dramas
TV Show,Easy Fortune Happy Life,,2009,TV-14,International TV Shows
Movie,Figaro Pho,Luke Jurevicius,2008,TV-Y7,Children & Family Movies
Movie,Full Out,Sean Cisterna,2015,TV-PG,Children & Family Movies
TV Show,Game Winning Hit,,2009,TV-PG,International TV Shows
Movie,Holy Hell,Will Allen,2016,NR,Documentaries
TV Show,Lucky Days,,2010,TV-14,International TV Shows
Movie,Off Course,Nacho G. Velilla,2015,TV-MA,Comedies
Movie,Saudi Arabia Uncovered,,2016,TV-14,Documentaries
TV Show,Station Horizon,,2015,TV-MA,International TV Shows
TV Show,The Fierce Wife,,2010,TV-14,International TV Shows
TV Show,The Womanizer,,2010,TV-PG,International TV Shows
TV Show,The Year of Happiness and Love,,2009,TV-14,International TV Shows
Movie,We Need to Talk,David Serrano,2016,TV-MA,Comedies
TV Show,Witches: A Century of Murder,,2015,TV-14,British TV Shows
Movie,Iliza Shlesinger: War Paint,Jay Chapman,2013,NR,Stand-Up Comedy
Movie,After,Jenny Gage,2019,PG-13,Dramas
Movie,Home Is Where the Killer Is,Kaila York,2019,TV-14,Dramas
TV Show,Rhythm + Flow,,2019,TV-MA,Reality TV
Movie,Garuda Di Dadaku,Ifa Isfansyah,2009,TV-PG,Children & Family Movies
Movie,Mo Amer: The Vagabond,Stan Lathan,2018,TV-MA,Stand-Up Comedy
Movie,Surat Dari Praha,Angga Dwimas Sasongko,2016,TV-14,Dramas
Movie,Winter on Fire: Ukraine's Fight for Freedom,Evgeny Afineevsky,2015,NR,Documentaries
Movie,Deon Cole: Cole Hearted,Ryan Polito,2019,TV-MA,Stand-Up Comedy
Movie,The Spooky Tale of Captain Underpants Hack-a-ween,,2019,TV-Y7,Children & Family Movies
Movie,Pulang,Kabir Bhatia,2018,TV-14,Action & Adventure
Movie,The Water Diviner,Russell Crowe,2014,R,Dramas
Movie,Chris Brown: Welcome to My Life,Andrew Sandler,2017,TV-MA,Documentaries
Movie,13TH,Ava DuVernay,2016,TV-MA,Documentaries
Movie,Russell Peters: Almost Famous,Dave Higby,2016,TV-MA,Stand-Up Comedy
TV Show,StoryBots Super Songs,,2016,TV-Y,Kids' TV
Movie,The Siege of Jadotville,Richie Smyth,2016,TV-MA,Action & Adventure
Movie,Love for Sale,Andibachtiar Yusuf,2018,TV-14,Dramas
Movie,Jackpot,Dustin Nguyen,2015,TV-14,Comedies
Movie,Seven in Heaven,Chris Eigeman,2018,PG-13,Horror Movies
TV Show,ID-0,,2017,TV-14,Anime Series
Movie,Kung Fu Yoga,Stanley Tong,2017,TV-PG,Action & Adventure
Movie,The Death and Life of Marsha P. Johnson,David France,2017,TV-MA,Documentaries
TV Show,Legend Quest: Masters of Myth,,2019,TV-Y7,Kids' TV
TV Show,My Country: The New Age,,2019,TV-14,International TV Shows
Movie,Noblemen,Vandana Kataria,2019,TV-MA,Dramas
Movie,Cahaya Dari Timur Beta Maluku,Angga Dwimas Sasongko,2014,TV-14,Dramas
TV Show,Dancing Queen,,2018,TV-14,Reality TV
Movie,Emma' (Mother),Riri Riza,2016,TV-PG,Dramas
TV Show,Empire Games,,2018,TV-14,Docuseries
TV Show,LOST SONG,,2018,TV-14,Anime Series
Movie,Malevolent,Olaf de Fleur,2018,TV-MA,Horror Movies
Movie,Private Life,Tamara Jenkins,2018,R,Comedies
Movie,Super Monsters Save Halloween,,2018,TV-Y,Children & Family Movies
TV Show,YG Future Strategy Office,,2018,TV-MA,International TV Shows
Movie,A Plastic Ocean,,2016,TV-PG,Documentaries
Movie,Brother in Love,Onur Bilgetay,2019,TV-14,Comedies
Movie,In the Tall Grass,Vincenzo Natali,2019,TV-MA,Horror Movies
Movie,Kids on the Block,Tugçe Soysop,2019,TV-PG,Children & Family Movies
TV Show,Raising Dion,,2019,TV-PG,Kids' TV
Movie,Super Monsters: Vida's First Halloween,Jacob Joice,2019,TV-Y,Children & Family Movies
Movie,Compulsion,Craig Goodwill,2016,TV-MA,Dramas
Movie,The Dreamer,Riri Riza,2009,TV-PG,Dramas
Movie,The Haunting of Molly Hartley,Mickey Liddell,2008,PG-13,Horror Movies
TV Show,Violet Evergarden: Special,,2018,TV-PG,Anime Series
Movie,LEGO Jurassic World: The Indominus Escape,Michael D. Black,2016,TV-Y7,Children & Family Movies
Movie,Grego Rossello: Disculpe las molestias,Juani Libonatti,2019,TV-MA,Stand-Up Comedy
TV Show,Nowhere Man,DJ Chen,2019,TV-MA,Crime TV Shows
TV Show,Sleepless Society: Bedtime Wishes,,2019,TV-MA,Crime TV Shows
Movie,Gun City,Dani de la Torre,2018,TV-MA,Dramas
Movie,Heneral Luna,Jerrold Tarog,2015,R,Dramas
Movie,Judah Friedlander: America Is the Greatest Country in the United States,Judah Friedlander,2017,TV-MA,Stand-Up Comedy
Movie,The B-Side: Elsa Dorfman's Portrait Photography,Errol Morris,2016,TV-MA,Documentaries
TV Show,Zumbo's Just Desserts,,2016,TV-14,International TV Shows
Movie,Kristy,Oliver Blackburn,2013,NR,Horror Movies
TV Show,Bring It On; Ghost,Park Joon-hwa,2016,TV-14,International TV Shows
Movie,Mehandi Circus,Saravana Rajendran,2019,TV-14,Dramas
TV Show,Tomorrow with You,,2017,TV-14,International TV Shows
TV Show,Tunnel,,2019,TV-MA,Crime TV Shows
Movie,My Brother ... Nikhil,Onir,2005,TV-PG,Dramas
Movie,Shorgul,Jitendra Tiwari,2016,TV-14,Dramas
Movie,Siddhant,Vivek Wagh,2014,TV-G,Dramas
TV Show,The Degenerates,,2018,TV-MA,Stand-Up Comedy & Talk Shows
Movie,The Jungle School,Riri Riza,2013,TV-PG,Dramas
Movie,SPF-18,Alex Israel,2017,PG-13,Dramas
Movie,Forks Over Knives,Lee Fulkerson,2011,PG,Documentaries
TV Show,Seis Manos,,2019,TV-MA,Anime Series
Movie,Benji's Very Own Christmas Story,Joe Camp,1978,TV-G,Children & Family Movies
Movie,The Black Prince,Kavi Raz,2017,PG-13,Dramas
Movie,Truth or Dare,Nick Simon,2017,TV-MA,Horror Movies
Movie,Cult of Chucky,Don Mancini,2017,R,Horror Movies
Movie,Rodney Carrington: Here Comes the Truth,Brandon Jones,2017,TV-MA,Stand-Up Comedy
Movie,Security,Alain Desrochers,2017,R,Action & Adventure
Movie,Arsenio Hall: Smart & Classy,Brian Volk-Weiss,2019,TV-MA,Stand-Up Comedy
TV Show,Shine On with Reese,,2018,TV-14,Docuseries
Movie,The Road to El Camino: Behind the Scenes of El Camino: A Breaking Bad Movie,,2019,TV-14,Documentaries
Movie,Kings,Deniz Gamze Ergüven,2017,R,Dramas
Movie,Pup Star,Robert Vince,2016,G,Children & Family Movies
Movie,A 3 Minute Hug,Everardo González,2019,TV-PG,Documentaries
Movie,Little Miss Sumo,Matt Kay,2018,TV-G,Documentaries
Movie,Equals,Drake Doremus,2015,PG-13,Dramas
Movie,Pup Star: Better 2Gether,Robert Vince,2017,PG,Children & Family Movies
Movie,I Am the Pretty Thing That Lives in the House,Osgood Perkins,2016,TV-14,Horror Movies
Movie,Into the Inferno,Werner Herzog,2016,TV-PG,Documentaries
Movie,The African Doctor,Julien Rambaldi,2016,TV-PG,Comedies
Movie,They Are Everywhere,Yvan Attal,2016,TV-MA,Comedies
TV Show,Trailer Park Boys: Out of the Park: Europe,,2016,TV-MA,International TV Shows
Movie,West Coast,Benjamin Weill,2016,TV-MA,Comedies
TV Show,Wait; My Youth,,2019,TV-PG,International TV Shows
Movie,14 Cameras,Scott Hussion,2018,TV-MA,Horror Movies
Movie,Dragon Tiger Gate,Wilson Yip,2006,TV-MA,Action & Adventure
TV Show,Beyond Stranger Things,,2017,TV-14,Stand-Up Comedy & Talk Shows
Movie,Joan Didion: The Center Will Not Hold,Griffin Dunne,2017,TV-14,Documentaries
Movie,7 años,Roger Gual,2016,TV-MA,Dramas
Movie,Manson Family Vacation,J. Davis,2015,NR,Comedies
TV Show,A Little Thing Called First Love,,2019,TV-G,International TV Shows
Movie,The Last Whistle,Rob Smat,2019,PG,Dramas
Movie,Been So Long,Tinge Krishnan,2018,TV-MA,Dramas
Movie,Dovlatov,Aleksey German,2018,PG-13,Dramas
Movie,Incoming,Eric Zaragosa,2019,TV-MA,Action & Adventure
Movie,Jefe,Sergio Barrejón,2018,TV-MA,Comedies
Movie,Santo Cachón,,2018,TV-14,Comedies
Movie,Shirkers,Sandi Tan,2018,TV-14,Documentaries
TV Show,Terrorism Close Calls,,2018,TV-MA,Crime TV Shows
Movie,W/O Ram,Vijay Yelakanti,2018,TV-MA,Dramas
Movie,Strange Weather,Katherine Dieckmann,2016,R,Dramas
Movie,A Tale of Love and Darkness,Natalie Portman,2015,PG-13,Dramas
Movie,Assimilate,John Murlowski,2019,TV-14,Horror Movies
TV Show,Brotherhood,,2019,TV-MA,Crime TV Shows
Movie,Consequences ,Ozan Açıktan,2014,TV-MA,Dramas
Movie,Dolemite Is My Name,Craig Brewer,2019,R,Comedies
TV Show,Drug Squad: Costa del Sol,,2019,TV-MA,Crime TV Shows
Movie,It Takes a Lunatic,Billy Lyons,2019,TV-MA,Documentaries
TV Show,Monzón: A Knockout Blow,,2018,TV-MA,Crime TV Shows
Movie,My Next Guest with David Letterman and Shah Rukh Khan,Michael Steed,2019,TV-PG,International Movies
TV Show,Nailed It! France,,2019,TV-14,International TV Shows
TV Show,Nailed It! Spain,,2019,TV-PG,International TV Shows
TV Show,Prank Encounters,,2019,TV-MA,Reality TV
Movie,Rattlesnake,Zak Hilditch,2019,TV-MA,Horror Movies
Movie,The Awakening of Motti Wolkenbruch,Michael Steiner,2018,TV-MA,Comedies
TV Show,The Untamed,,2019,TV-14,International TV Shows
TV Show,DreamWorks Spooky Stories,,2009,TV-PG,Kids' TV
TV Show,Queens vs. Kings,,2018,TV-14,Stand-Up Comedy & Talk Shows
Movie,Ronnie Coleman: The King,Vlad Yudin,2018,TV-14,Documentaries
Movie,Meet the Trumps: From Immigrant to President,Paul Berczeller,2017,TV-14,Documentaries
Movie,The Hateful Eight,Quentin Tarantino,2015,R,Action & Adventure
Movie,Walt Disney Animation Studios Short Films Collection,Chris Buck,2015,TV-G,Children & Family Movies
TV Show,Daybreak,,2019,TV-MA,TV Action & Adventure
Movie,Echo in the Canyon,Andrew Slater,2019,PG-13,Documentaries
Movie,Revenge of the Pontianak,Glen Goei,2019,TV-14,Horror Movies
Movie,Baahubali: The Beginning (English Version),S.S. Rajamouli,2015,TV-14,Action & Adventure
TV Show,Bodyguard,,2018,TV-MA,British TV Shows
Movie,Jack Whitehall: At Large,Brian Klein,2017,TV-MA,Stand-Up Comedy
TV Show,The Mist,,2017,TV-MA,TV Dramas
Movie,E-Team,Katy Chevigny,2014,NR,Documentaries
TV Show,DreamWorks Spooky Stories: Volume 2,,2011,TV-PG,Kids' TV
Movie,American Heist,Sarik Andreasyan,2014,R,Action & Adventure
TV Show,Breakfast; Lunch & Dinner,,2019,TV-MA,Docuseries
Movie,Dancing with the Birds,Huw Cordey,2019,TV-PG,Documentaries
Movie,Master Z: The Ip Man Legacy,Yuen Woo-ping,2018,TV-MA,Action & Adventure
Movie,ADAM SANDLER 100% FRESH,Steve Brill,2018,TV-MA,Stand-Up Comedy
TV Show,Here to Heart,,2018,TV-14,International TV Shows
Movie,Scorpion King 5: Book of Souls,Don Michael Paul,2018,PG-13,Action & Adventure
Movie,While We're Young,Noah Baumbach,2015,R,Comedies
Movie,Hunter's Prayer,Jonathan Mostow,2015,R,Action & Adventure
Movie,I'll See You in My Dreams,Brett Haley,2015,PG-13,Comedies
Movie,Jenny Slate: Stage Fright,Gillian Robespierre,2019,TV-MA,Documentaries
Movie,The Texas Chainsaw Massacre,Tobe Hooper,1974,R,Cult Movies
Movie,Tracers,Daniel Benmayor,2015,PG-13,Action & Adventure
Movie,يوم الدين,Abu Bakr Shawky,2018,TV-14,Dramas
Movie,God Knows Where I Am,Jedd Wider,2016,TV-PG,Documentaries
Movie,Aashayein,Nagesh Kukunoor,2010,TV-14,Dramas
Movie,Bhool Bhulaiyaa,Priyadarshan,2007,TV-14,Dramas
Movie,Humko Deewana Kar Gaye,Raj Kanwar,2006,TV-PG,International Movies
Movie,Kajraare,Pooja Bhatt,2010,TV-14,Dramas
Movie,Karzzzz,Satish Kaushik,2008,TV-14,International Movies
Movie,Patiala House,Nikhil Advani,2011,TV-PG,Dramas
Movie,Ready,Anees Bazmee,2011,TV-PG,Comedies
Movie,Results,Andrew Bujalski,2015,R,Comedies
Movie,Free Fire,Ben Wheatley,2016,R,Action & Adventure
Movie,The Rainbow Troops,Riri Riza,2008,TV-PG,Children & Family Movies
TV Show,The Liar,,2013,TV-14,Crime TV Shows
TV Show,Containment,,2016,TV-14,TV Dramas
Movie,Joe Rogan: Triggered,Anthony Giordano,2016,TV-MA,Stand-Up Comedy
Movie,Wyatt Cenac: Brooklyn,Wyatt Cenac,2014,TV-MA,Stand-Up Comedy
Movie,How to Get Over a Breakup,Joanna Lombardi,2018,TV-MA,Comedies
Movie,The Gospel of John,David Batty,2014,TV-14,Dramas
Movie,1922,Zak Hilditch,2017,TV-MA,Dramas
Movie,Miss Representation,Jennifer Siebel Newsom,2011,NR,Documentaries
Movie,One of Us,Heidi Ewing,2017,TV-14,Documentaries
TV Show,The Day I Met El Chapo,,2017,TV-MA,Crime TV Shows
Movie,Wheelman,Jeremy Rush,2017,TV-MA,Action & Adventure
TV Show,Border Patrol,,2016,TV-PG,Reality TV
TV Show,Botched Up Bodies,,2013,TV-MA,British TV Shows
TV Show,Bringing Sexy Back,,2015,TV-14,International TV Shows
TV Show,Court Justice,,2017,TV-MA,Crime TV Shows
TV Show,Diva Brides,,2017,TV-MA,British TV Shows
TV Show,Ghost Town Gold,,2012,TV-14,Reality TV
TV Show,Horror Homes,,2016,TV-14,British TV Shows
TV Show,Kitten Rescuers,,2017,TV-14,British TV Shows
TV Show,License to Drill: Louisiana,,2014,TV-PG,Reality TV
TV Show,Living Undocumented,,2019,TV-MA,Docuseries
Movie,Ready to Mingle,Luis Javier Henaine,2019,TV-MA,Comedies
Movie,Salam - The First ****** Nobel Laureate,Anand Kamalakar,2018,TV-PG,Documentaries
Movie,Death Race: Beyond Anarchy,Don Michael Paul,2017,R,Action & Adventure
Movie,Eric ldle's What About Dick?,Eric Idle,2012,TV-MA,Comedies
Movie,Joe Rogan: Strange Times,Anthony Giordano,2018,TV-MA,Stand-Up Comedy
TV Show,Monty Python Best Bits (mostly),,2014,TV-14,British TV Shows
Movie,Monty Python Conquers America,Will Yapp,2008,TV-MA,Documentaries
Movie,Monty Python Live (Mostly): One Down; Five to Go,Eric Idle,2014,TV-MA,Comedies
Movie,Monty Python: Before the Flying Circus,Will Yapp,2000,TV-14,Comedies
Movie,Monty Python: Live at Aspen,,1998,TV-MA,Comedies
Movie,Monty Python: Live at The Hollywood Bowl,Terry Hughes,1982,R,Comedies
Movie,Monty Python: The Meaning of Live,Roger Graef,2014,TV-MA,Documentaries
TV Show,Monty Python's Almost the Truth,,2009,NR,British TV Shows
TV Show,Monty Python's Fliegender Zirkus,,1972,TV-14,International TV Shows
Movie,Monty Python's Life of Brian,Terry Jones,1979,R,Classic Movies
TV Show,Monty Python's Personal Best,,2005,TV-MA,British TV Shows
Movie,Parrot Sketch Not Included: Twenty Years of Monty Python,Ian MacNaughton,1989,TV-14,Comedies
Movie,The Meaning of Monty Python,Albert Sharpe,2013,TV-MA,Documentaries
Movie,Sleeping with Other People,Leslye Headland,2015,R,Comedies
Movie,Anjelah Johnson: Not Fancy,Jay Karas,2015,TV-14,Stand-Up Comedy
Movie,Little Singham: Kaal Ki Tabaahi,Prakash Satam,2019,TV-Y7,Children & Family Movies
Movie,Men in Black,Barry Sonnenfeld,1997,PG-13,Action & Adventure
Movie,Moms at War,Omoni Oboli,2018,TV-14,Comedies
Movie,The Command,Thomas Vinterberg,2018,PG-13,Dramas
TV Show,Accidentally in Love,,2018,TV-14,International TV Shows
TV Show,Ask the Doctor,,2017,TV-PG,Docuseries
TV Show,Best.Worst.Weekend.Ever.,,2018,TV-PG,Kids' TV
Movie,Club de Cuervos Presents: I; Potro,Marcos Bucay,2018,TV-MA,Movies
Movie,Derren Brown: Sacrifice,,2018,TV-MA,Movies
Movie,Gnome Alone,Peter Lepeniotis,2018,PG,Children & Family Movies
Movie,Illang: The Wolf Brigade,Kim Jee-woon,2018,TV-MA,Action & Adventure
Movie,Naa Bangaaru Talli,Rajesh Touchriver,2013,TV-MA,Dramas
Movie,Oddbods: Party Monsters,,2018,TV-Y,Movies
Movie,S Storm,David Lam,2016,TV-MA,Action & Adventure
Movie,The Gospel of Luke,David Batty,2015,TV-14,Dramas
Movie,The Gospel of Mark,David Batty,2015,TV-14,Dramas
Movie,The Gospel of Matthew,David Batty,2014,TV-14,Dramas
Movie,The Night Comes for Us,Timo Tjahjanto,2018,TV-MA,Action & Adventure
TV Show,Wanderlust,,2018,TV-MA,British TV Shows
Movie,Wedding Unplanned,Reem Kherici,2017,TV-MA,Comedies
Movie,10 Days in Sun City,Adze Ugah,2017,TV-14,Comedies
Movie,93 Days,Steve Gukas,2016,TV-14,Dramas
Movie,Eli,Ciarán Foy,2019,TV-MA,Horror Movies
Movie,In My Country,Frank Rajah Arase,2018,TV-14,Dramas
TV Show,Interior Design Masters,,2019,TV-PG,British TV Shows
TV Show,Living with Yourself,,2019,TV-MA,TV Comedies
Movie,Love; Surreal and Odd,Yılmaz Erdoğan,2017,TV-14,Comedies
TV Show,Mighty Little Bheem: Diwali,,2019,TV-Y,Kids' TV
TV Show,MONKART,,2017,TV-Y7,Kids' TV
Movie,New Money,Tope Oshin,2018,TV-14,Dramas
Movie,Seventeen,Daniel Sánchez Arévalo,2019,TV-MA,Comedies
Movie,Tatu,Don Omope,2017,TV-MA,Action & Adventure
Movie,Tell Me Who I Am,Ed Perkins,2019,TV-MA,Documentaries
Movie,The Laundromat,Steven Soderbergh,2019,R,Comedies
TV Show,Unnatural Selection,,2019,TV-MA,Docuseries
Movie,Up North,Tope Oshin,2018,TV-14,Dramas
Movie,Upstarts,Udai Singh Pawar,2019,TV-14,Comedies
Movie,Verses of Love 2,Guntur Soeharjanto,2017,TV-14,Dramas
Movie,Mr. Chandramouli,Thiru,2018,TV-MA,Dramas
Movie,El Viaje: Márama y Rombai,Federico Lemos,2016,TV-PG,Children & Family Movies
Movie,The Karate Kid,Harald Zwart,2010,PG,Children & Family Movies
TV Show,THE UNLISTED,,2019,TV-PG,Kids' TV
Movie,My Babysitter's a Vampire: The Movie,Bruce McDonald,2010,TV-PG,Children & Family Movies
Movie,Patton Oswalt: Annihilation,Bobcat Goldthwait,2017,TV-MA,Stand-Up Comedy
TV Show,Another Miss Oh,,2016,TV-14,International TV Shows
Movie,Ghosts of Sugar Land,Bassam Tariq,2019,TV-MA,Documentaries
Movie,League of Legends Origins,Leslie Iwerks,2019,TV-MA,Documentaries
Movie,Park Na-rae: Glamour Warning,Kim Joo-hyung,2019,TV-MA,Stand-Up Comedy
TV Show,Second 20s,,2015,TV-14,International TV Shows
Movie,Sinister 2,Ciarán Foy,2015,R,Horror Movies
Movie,The Game Changers,Louie Psihoyos,2018,TV-MA,Documentaries
Movie,Ron White: If You Quit Listening; I'll Shut Up,Tom Forrest,2018,TV-MA,Stand-Up Comedy
Movie,Baadshaho,Milan Luthria,2017,TV-14,Action & Adventure
Movie,Closed Circuit,John Crowley,2013,R,Dramas
TV Show,Footprints in the Sand,,2011,TV-14,International TV Shows
TV Show,In Laws,,2016,TV-PG,International TV Shows
TV Show,La Femme,,2016,TV-14,International TV Shows
TV Show,Laws of Attraction,,2012,TV-14,International TV Shows
Movie,Lucknow Central,Ranjit Tiwari,2017,TV-14,Dramas
Movie,A Family Affair,Tom Fassaert,2015,TV-PG,Documentaries
Movie,Anthony Jeselnik: Thoughts and Prayers,Adam Dubin,2015,TV-MA,Stand-Up Comedy
Movie,Beasts of No Nation,Cary Joji Fukunaga,2015,NR,Dramas
Movie,Circle,Aaron Hann,2015,NR,Dramas
TV Show,Black Money Love,Ahmet Katıksız,2014,TV-MA,Crime TV Shows
Movie,Dark Crimes,Alexandros Avranas,2016,R,Dramas
Movie,Homeland,Anindya Chatterjee,2019,TV-PG,Dramas
TV Show,Magical Andes,,2019,TV-G,Docuseries
TV Show,Power Rangers Beast Morphers,,2019,TV-Y7-FV,Kids' TV
TV Show,Devlok with Devdutt Pattanaik,,2017,TV-PG,International TV Shows
Movie,Meghnadbodh Rohoshyo,Anik Datta,2017,TV-14,Dramas
Movie,Sanju,Rajkumar Hirani,2018,TV-MA,Dramas
TV Show,Stunt Science,,2018,TV-MA,British TV Shows
Movie,A Scandall,Ishaan Trivedi,2016,TV-MA,International Movies
Movie,Aisa Yeh Jahaan,Biswajeet Bora,2015,TV-14,Dramas
Movie,Ankur Arora Murder Case,Sohail Tatari,2013,TV-14,Dramas
Movie,Belief: The Possession of Janet Moses,David Stubbs,2015,TV-MA,Documentaries
Movie,Calendar Girls,Madhur Bhandarkar,2015,TV-14,Dramas
Movie,Darra,Parveen Kumar,2016,TV-14,Dramas
Movie,El Che,Matías Gueilburt,2017,TV-14,Documentaries
Movie,Gour Hari Dastaan: The Freedom File,Ananth Narayan Mahadevan,2015,TV-14,Dramas
TV Show,Harry & Bunnie,Ah Loong,2017,TV-Y7,Kids' TV
Movie,Jal,Girish Malik,2013,TV-14,Dramas
Movie,Macchli Jal Ki Rani Hai,Debaloy Dey,2014,TV-MA,Horror Movies
Movie,Money,Martin Rosete,2016,R,Thrillers
Movie,One Night Stand,Jasmine D'Souza,2016,TV-MA,Dramas
Movie,OtherLife,Ben C. Lucas,2017,TV-MA,Dramas
Movie,Sardaarji 2,Rohit Jugraj,2016,TV-PG,Action & Adventure
TV Show,Seven and Me,,2017,TV-G,Kids' TV
Movie,Singapore,Shakti Samanta,1960,TV-PG,Comedies
Movie,Story of an Egg,Raj B. Shetty,2017,TV-PG,Comedies
Movie,Tamanchey,Navneet Behal,2014,TV-MA,Action & Adventure
Movie,Teshan,Sukhbir Singh,2016,TV-PG,Comedies
Movie,Ujala,Naresh Saigal,1959,TV-PG,Dramas
Movie,Veerappan,Ram Gopal Varma,2016,TV-14,Action & Adventure
Movie,Why Knot,Dhruv Dhawan,2016,TV-MA,Documentaries
Movie,A Mighty Team,Thomas Sorriaux,2016,TV-14,Comedies
Movie,Berserk: The Golden Age Arc I - The Egg of the King,Toshiyuki Kubooka,2012,TV-MA,Action & Adventure
Movie,Bleach The Movie: Fade to Black,Noriyuki Abe,2008,NR,Action & Adventure
Movie,Bleach the Movie: Hell Verse,Noriyuki Abe,2010,NR,Action & Adventure
Movie,Blind Date,Clovis Cornillac,2015,TV-14,Comedies
TV Show,DEATH NOTE,,2006,TV-14,Anime Series
Movie,Naruto Shippûden the Movie: Bonds,Hajime Kamegaki,2008,TV-14,Action & Adventure
Movie,Naruto Shippuden: The Movie,Hajime Kamegaki,2007,TV-14,Action & Adventure
TV Show,Power Rangers Dino Super Charge,,2016,TV-Y7,Kids' TV
TV Show,Spotless,,2015,TV-MA,Crime TV Shows
Movie,Martin Matte: La vie; la mort...eh la la..!,Jean-François Blais,2019,TV-14,Stand-Up Comedy
Movie,This Is Not What I Expected,Derek Hui,2017,TV-PG,Comedies
Movie,Sky Ladder: The Art of Cai Guo-Qiang,Kevin MacDonald,2016,TV-MA,Documentaries
Movie,Suburra,Stefano Sollima,2015,NR,Dramas
TV Show,Russell Peters vs. the World,,2013,NR,Docuseries
Movie,Russell Peters: Notorious,Dave Higby,2013,NR,Stand-Up Comedy
Movie,Street Flow,Leïla Sy,2019,TV-MA,Dramas
TV Show,The Lies Within,,2019,TV-14,Crime TV Shows
Movie,Soorma,Shaad Ali,2018,TV-14,Dramas
TV Show,Ajaibnya Cinta,,2015,TV-PG,International TV Shows
Movie,Blessed Benefit,Mahmoud al Massad,2016,TV-14,Comedies
Movie,Clair Obscur,Yesim Ustaoglu,2016,TV-MA,Dramas
Movie,El Especial de Alex Fernández; el Especial,Jan Suter,2017,TV-MA,Stand-Up Comedy
Movie,Kingdom of Us,Lucy Cohen,2017,TV-MA,Documentaries
Movie,The Babysitter,McG,2017,TV-MA,Comedies
Movie,The Meyerowitz Stories (New and Selected),Noah Baumbach,2017,TV-MA,Comedies
Movie,Mascots,Christopher Guest,2016,TV-MA,Comedies
Movie,Apostle,Gareth Evans,2018,TV-MA,Horror Movies
TV Show,Black Heart,,2014,TV-14,Crime TV Shows
Movie,Errementari: The Blacksmith and the Devil,Paul Urkijo Alijo,2018,TV-MA,Horror Movies
Movie,Feminists: What Were They Thinking?,Johanna Demetrakas,2018,TV-MA,Documentaries
TV Show,FIGHTWORLD,Padraic McKinley,2018,TV-MA,Docuseries
Movie,Kuntilanak,Rizal Mantovani,2018,TV-14,Horror Movies
Movie,ReMastered: Who Shot the Sheriff,Kief Davidson,2018,TV-14,Documentaries
TV Show,The Curious Creations of Christine McConnell,,2018,TV-PG,TV Comedies
TV Show,The Haunting of Hill House,,2018,TV-MA,TV Dramas
Movie,The Kindergarten Teacher,Sara Colangelo,2018,R,Dramas
Movie,Barakah Meets Barakah,Mahmoud Sabbagh,2016,TV-14,Comedies
Movie,Bomb Scared,Borja Cobeaga,2017,TV-MA,Comedies
Movie,Justin Timberlake + the Tennessee Kids,Jonathan Demme,2016,TV-PG,Music & Musicals
Movie,Iron Man & Captain America: Heroes United,Leo Riley,2014,PG,Children & Family Movies
Movie,Bygones Be Bygones,Hakan Algül,2017,TV-MA,Comedies
Movie,El Camino: A Breaking Bad Movie,Vince Gilligan,2019,TV-MA,Dramas
Movie,Fractured,Brad Anderson,2019,TV-MA,Thrillers
Movie,The Bling Lagosians,Bolanle Austen-Peters,2019,TV-14,Dramas
Movie,The Forest of Love,Sion Sono,2019,TV-MA,Dramas
Movie,The Influence,Dennis Rovira van Boekholt,2019,TV-MA,Horror Movies
Movie,Filosofi Kopi The Movie,Angga Dwimas Sasongko,2015,TV-PG,Dramas
TV Show,Ordinary Heroes,,2018,TV-MA,Crime TV Shows
TV Show,Salt Fat Acid Heat,,2018,TV-PG,Docuseries
Movie,اشتباك,Mohamed Diab,2016,TV-14,Dramas
TV Show,Beyblade Burst Turbo,,2018,TV-Y7,Anime Series
Movie,GEN HOSHINO STADIUM TOUR “POP VIRUS”,Naoto Amazutsumi,2019,TV-PG,International Movies
TV Show,Ultramarine Magmell,,2019,TV-14,Anime Series
Movie,22-Jul,Paul Greengrass,2018,R,Dramas
TV Show,Blood Pact,,2018,TV-MA,Crime TV Shows
Movie,Tales From the Hood 2,Rusty Cundieff,2018,R,Cult Movies
Movie,Christina P: Mother Inferior,Jay Karas,2017,TV-MA,Stand-Up Comedy
TV Show,Nature's Great Events (2009),,2009,TV-PG,British TV Shows
TV Show,The Blue Planet: A Natural History of the Oceans,Alastair Fothergill,2001,TV-G,British TV Shows
Movie,Chelsea Handler: Uganda Be Kidding Me Live,James Yukich,2014,TV-MA,Stand-Up Comedy
Movie,300 Miles to Heaven,Maciej Dejczer,1989,TV-14,Dramas
Movie,A.M.I.,Rusty Nixon,2019,TV-MA,Horror Movies
Movie,Along Came a Spider,Lee Tamahori,2001,R,Thrillers
Movie,Alpha and Omega 2: A Howl-iday Adventure,Richard Rich,2013,TV-G,Children & Family Movies
Movie,Bad Boys,Michael Bay,1995,R,Action & Adventure
Movie,Bad Boys II,Michael Bay,2003,R,Action & Adventure
Movie,Blow,Ted Demme,2001,R,Dramas
Movie,Candyman,Bernard Rose,1992,R,Cult Movies
Movie,Charlie's Angels,McG,2000,PG-13,Action & Adventure
Movie,Charlie's Angels: Full Throttle,McG,2003,PG-13,Action & Adventure
TV Show,Cheese in the Trap,Lee Yoon-jung,2016,TV-14,International TV Shows
TV Show,Chicago Typewriter,,2017,TV-14,International TV Shows
TV Show,College Romance,,2018,TV-MA,International TV Shows
Movie,Crash,Paul Haggis,2004,R,Dramas
Movie,Dumb and Dumberer: When Harry Met Lloyd,Troy Miller,2003,PG-13,Comedies
Movie,Earth to Echo,Dave Green,2014,PG,Children & Family Movies
TV Show,Engineering Girls,,2018,TV-14,International TV Shows
Movie,"Escape from the ""Liberty"" Cinema",Wojciech Marczewski,1990,TV-MA,Comedies
Movie,Exit Wounds,Andrzej Bartkowiak,2001,R,Action & Adventure
Movie,First Kiss,Roy Poortmans,2018,TV-PG,Dramas
TV Show,Girls Hostel,,2018,TV-MA,International TV Shows
Movie,Good Burger,Brian Robbins,1997,PG,Children & Family Movies
Movie,Good Luck Chuck,Mark Helfrich,2007,UR,Comedies
Movie,Harold & Kumar Escape from Guantanamo Bay,Jon Hurwitz,2008,R,Comedies
Movie,Honey 2,Bille Woodruff,2011,PG-13,Dramas
Movie,Hotel Pacific,Janusz Majewski,1975,TV-MA,Classic Movies
Movie,House of the Witch,Alex Merkin,2017,TV-14,Horror Movies
TV Show,Inmates,,2017,TV-MA,International TV Shows
Movie,Jealousy and medicine,Janusz Majewski,1973,TV-MA,Dramas
Movie,Knowing,Alex Proyas,2009,PG-13,Sci-Fi & Fantasy
Movie,Limitless,Vrinda Samartha,2017,TV-PG,Documentaries
Movie,Little Baby Bum: Go Buster,,2019,TV-Y,Children & Family Movies
Movie,Medium,Jacek Koprowicz,1985,TV-MA,Horror Movies
Movie,Men in Black II,Barry Sonnenfeld,2002,PG-13,Action & Adventure
TV Show,Miniforce X,,2018,TV-Y7-FV,Kids' TV
Movie,Nikki Glaser: Bangin’,Nicholaus Goossen,2019,TV-MA,Stand-Up Comedy
Movie,No Reservations,Scott Hicks,2007,PG,Comedies
Movie,Ocean's Thirteen,Steven Soderbergh,2007,PG-13,Action & Adventure
Movie,Ocean's Twelve,Steven Soderbergh,2004,PG-13,Action & Adventure
Movie,One Direction: This Is Us,Morgan Spurlock,2013,PG,Documentaries
Movie,Raging Bull,Martin Scorsese,1980,R,Classic Movies
Movie,Rugrats in Paris: The Movie,Stig Bergqvist,2000,G,Children & Family Movies
Movie,Scream 2,Wes Craven,1997,R,Horror Movies
Movie,Senna,Asif Kapadia,2010,PG-13,Documentaries
TV Show,Signal,,2016,TV-14,Crime TV Shows
Movie,Sin City,Robert Rodriguez,2005,R,Action & Adventure
Movie,Sinister Circle,Dorian Fernández-Moris,2017,TV-MA,Horror Movies
Movie,Supergirl,Jeannot Szwarc,1984,PG,Action & Adventure
Movie,Superman Returns,Bryan Singer,2006,PG-13,Action & Adventure
Movie,Surf's Up,Ash Brannon,2007,PG,Children & Family Movies
Movie,The Bounty Hunter,Andy Tennant,2010,PG-13,Action & Adventure
Movie,The Bucket List,Rob Reiner,2007,PG-13,Comedies
Movie,The Cruise,Marek Piwowski,1970,TV-PG,Comedies
Movie,The Figurine (Araromire),Kunle Afolayan,2009,TV-14,Horror Movies
Movie,The Flintstones,Brian Levant,1994,PG,Children & Family Movies
Movie,The Flintstones in Viva Rock Vegas,Brian Levant,2000,PG,Children & Family Movies
TV Show,The K2,,2016,TV-14,International TV Shows
TV Show,The Liar and His Lover,,2017,TV-PG,International TV Shows
Movie,The lynx,Stanisław Różewicz,1982,TV-14,Dramas
Movie,The Pursuit of Happyness,Gabriele Muccino,2006,PG-13,Dramas
Movie,The Rugrats Movie,Igor Kovalyov,1998,G,Children & Family Movies
Movie,The spiral,Krzysztof Zanussi,1978,TV-MA,Dramas
Movie,The Squid and the Whale,Noah Baumbach,2005,R,Comedies
Movie,The Time Traveler's Wife,Robert Schwentke,2009,PG-13,Dramas
Movie,Trainspotting,Danny Boyle,1996,R,Comedies
Movie,Troy,Wolfgang Petersen,2004,R,Action & Adventure
TV Show,Tunnel,,2017,TV-MA,Crime TV Shows
Movie,Unaccompanied Minors,Paul Feig,2006,PG,Children & Family Movies
Movie,Walking Out,Alex Smith,2017,PG-13,Dramas
Movie,Weather forecast,Antoni Krauze,1983,TV-MA,Dramas
Movie,Westerplatte Resists,Stanisław Różewicz,1967,TV-MA,Classic Movies
Movie,25 Kille,Simranjit Singh Hundal,2016,TV-PG,Action & Adventure
Movie,A Witches' Ball,Justin G. Dyck,2017,PG,Children & Family Movies
Movie,Agyaat,Ram Gopal Varma,2009,TV-MA,Horror Movies
Movie,Anjaan,N. Linguswamy,2014,TV-MA,Action & Adventure
Movie,Bathinda Express,Deep Joshi,2016,TV-14,Dramas
Movie,Brooklyn's Finest,Antoine Fuqua,2009,R,Dramas
Movie,Chappaquiddick,John Curran,2017,PG-13,Dramas
TV Show,Civilizations,,2018,TV-14,British TV Shows
Movie,Delhi 6,Rakeysh Omprakash Mehra,2009,TV-14,Dramas
Movie,Dev.D,Anurag Kashyap,2009,TV-MA,Dramas
Movie,Dil Vil Pyaar Vyaar,Manjeet Maan,2014,TV-PG,International Movies
Movie,Dushman,Shagufta Rafique,2017,TV-14,Dramas
TV Show,Earth's Natural Wonders: Life at the Extremes,,2018,TV-14,British TV Shows
Movie,Ek Main Aur Ekk Tu,Shakun Batra,2012,TV-14,Comedies
Movie,Fishtail,Andrew Renzi,2015,NR,Documentaries
Movie,Freedom at Midnight,Tinu Pappachan,2018,TV-MA,Dramas
Movie,Haani,Amitoj Mann,2013,TV-14,Dramas
Movie,Happy Go Lucky,Amarpreet G S Chabbra,2014,TV-14,Comedies
Movie,Harishchandrachi Factory,Paresh Mokashi,2009,TV-PG,Dramas
TV Show,Hot Date,,2018,TV-MA,Romantic TV Shows
Movie,Jagga Jasoos,Anurag Basu,2017,TV-14,Action & Adventure
Movie,Jatt James Bond,Rohit Jugraj,2014,TV-14,Comedies
Movie,Jodhaa Akbar,Ashutosh Gowariker,2008,TV-14,Action & Adventure
Movie,Judge Singh LLB,Atharv Baluja,2015,TV-14,Comedies
Movie,Kaminey,Vishal Bhardwaj,2009,TV-MA,Dramas
Movie,Kevin Hart: Laugh at My Pain,Leslie Small,2011,R,Stand-Up Comedy
Movie,Kevin Hart: Seriously Funny,Shannon Hartman,2010,TV-MA,Stand-Up Comedy
Movie,Khido Khundi,Rohit Jugraj,2018,TV-14,Dramas
Movie,Khoobsurat,Shashanka Ghosh,2014,TV-14,Comedies
TV Show,Kingdoms of the Sky,Steve Greenwood,2018,TV-PG,British TV Shows
Movie,Kisaan,Puneet Sira,2009,TV-14,Action & Adventure
Movie,Kismat Konnection,Aziz Mirza,2008,TV-PG,Comedies
Movie,Kurbaan,Renzil D'Silva,2009,TV-MA,International Movies
Movie,Lock,Smeep Kang,2016,TV-14,Dramas
Movie,Luv Shuv Tey Chicken Khurana,Sameer Sharma,2012,TV-14,Comedies
Movie,Main; Meri Patni Aur Woh,Chandan Arora,2005,TV-14,Comedies
Movie,Manje Bistre,Baljit Singh Deo,2017,TV-PG,Comedies
Movie,Motor Mitraan Di,Amitoj Mann,2016,TV-14,Comedies
Movie,Mountain,Jennifer Peedom,2017,PG,Action & Adventure
Movie,Mugamoodi,Mysskin,2012,TV-14,Action & Adventure
Movie,Muran,Rajan Madhav,2011,TV-14,Action & Adventure
Movie,My Friend Pinto,Raaghav Dar,2011,TV-PG,Comedies
Movie,My Little Pony Equestria Girls: Forgotten Friendship,Ishi Rudell,2018,TV-Y7,Children & Family Movies
Movie,My Little Pony Equestria Girls: Rollercoaster of Friendship,Ishi Rudell,2018,TV-Y7,Children & Family Movies
Movie,My Suicide,David Lee Miller,2009,NR,Comedies
Movie,Naan Sigappu Manithan,Thiru,2014,TV-MA,Action & Adventure
Movie,Nasha,Amit Saxena,2013,TV-MA,Dramas
TV Show,Nature: Animals With Cameras,,2018,TV-PG,Docuseries
Movie,Naughty Jatts,Pankaj Batra,2013,TV-PG,Comedies
Movie,Needhi Singh,Jaivi Dhanda,2016,TV-MA,Action & Adventure
Movie,Peace Haven,Suman Ghosh,2016,TV-14,Comedies
Movie,Phantom,Kabir Khan,2015,TV-14,Action & Adventure
Movie,Pizza,Akshay Akkineni,2014,TV-14,Horror Movies
Movie,Pooja Kiven Aa,Nidhi Sharma,2013,TV-PG,Comedies
Movie,Race,Mastan Alibhai Burmawalla,2008,TV-14,Action & Adventure
Movie,Race 2,Abbas Alibhai Burmawalla,2013,TV-14,Action & Adventure
Movie,Saadey CM Saab,Vipin Parashar,2015,TV-14,Comedies
Movie,Sat Shri Akaal England,Vikram Pradhan,2017,TV-14,Comedies
TV Show,Strong,,2016,TV-PG,Reality TV
Movie,Thaandavam,Vijay,2012,TV-14,Action & Adventure
Movie,The Birth Reborn,Eduardo Chauvet,2018,TV-MA,Documentaries
Movie,Theeya Velai Seyyanum Kumaru,Sundar C.,2013,TV-PG,Comedies
TV Show,Three Wives One Husband,,2018,TV-PG,British TV Shows
Movie,Tiger,Sartaj Singh Pannu,2016,TV-MA,Action & Adventure
Movie,Udaan,Vikramaditya Motwane,2010,TV-MA,Dramas
Movie,V for Vendetta,James McTeigue,2005,R,Action & Adventure
Movie,Vettai,N. Linguswamy,2012,TV-MA,Action & Adventure
Movie,Wake Up Sid,Ayaan Mukherji,2009,TV-14,Comedies
Movie,We Are Family,Sidharth Malhotra,2010,TV-PG,Dramas
Movie,What the Jatt!!,Saket Behl,2015,TV-14,Comedies
Movie,Zack and Miri Make a Porno,Kevin Smith,2008,R,Comedies
Movie,Zindagi Kitni Haseen Hay,Anjum Shahzad,2016,TV-14,Dramas
Movie,26 Years,Geun-hyun Cho,2012,TV-MA,Dramas
Movie,April and the Extraordinary World,Christian Desmares,2015,PG,Action & Adventure
Movie,Barbie & Her Sisters in a Pony Tale,Kyran Kelly,2013,TV-Y,Children & Family Movies
Movie,Barbie in A Mermaid Tale,Adam Wood,2010,TV-Y,Children & Family Movies
Movie,Barbie in Princess Power,Zeke Norton,2015,TV-Y,Children & Family Movies
Movie,Barbie in Rock 'N Royals,Karen J. Lloyd,2015,TV-Y,Children & Family Movies
Movie,Barbie Star Light Adventure,Andrew Tan,2016,TV-Y,Children & Family Movies
Movie,Barbie: A Fairy Secret,William Lau,2010,TV-Y7,Children & Family Movies
Movie,Barbie: Princess Charm School,Ezekiel Norton,2011,TV-Y,Children & Family Movies
Movie,Barbie: Spy Squad,Conrad Helten,2016,TV-Y,Children & Family Movies
Movie,Barbie: The Princess & the Popstar,Ezekiel Norton,2012,TV-Y,Children & Family Movies
Movie,Barbie: Video Game Hero,Conrad Helten,2017,TV-Y,Children & Family Movies
TV Show,Beyblade Burst,,2016,TV-Y7,Anime Series
Movie,Boy and the World,Alê Abreu,2013,PG,Children & Family Movies
TV Show,City in the Sky,,2016,TV-PG,British TV Shows
TV Show,Equestria Girls: Tales of Canterlot High,,2017,TV-Y,Kids' TV
TV Show,Food: Delicious Science,,2017,TV-PG,Docuseries
Movie,For Your Own Good,Carlos Therón,2017,TV-MA,Comedies
Movie,Franca: Chaos and Creation,Francesco Carrozzini,2016,TV-MA,Documentaries
Movie,Frances Ha,Noah Baumbach,2012,R,Comedies
Movie,Generation Iron 2,Vlad Yudin,2017,PG-13,Documentaries
Movie,Ghost Patrol,Karen J. Lloyd,2016,TV-Y7-FV,Children & Family Movies
TV Show,Great Yellowstone Thaw,,2017,TV-PG,Docuseries
Movie,I Am Bolt,Benjamin Turner,2016,PG,Documentaries
Movie,I'm in Love with a Church Girl,Steve Race,2013,PG,Dramas
Movie,Ice Guardians,Brett Harvey,2016,TV-MA,Documentaries
TV Show,Justice in the City,,2012,TV-14,International TV Shows
Movie,Kahlil Gibran's The Prophet,Roger Allers,2014,PG,Children & Family Movies
Movie,Miss Hokusai,Keiichi Hara,2015,PG-13,Anime Features
Movie,Monster High: Great Scarrier Reef,William Lau,2016,TV-Y7,Children & Family Movies
Movie,Monster High: New Ghoul at School,Audu Paden,2010,TV-Y7,Children & Family Movies
Movie,My Life as a Zucchini,Claude Barras,2016,PG-13,Comedies
TV Show,Nature's Great Race,,2016,TV-PG,British TV Shows
Movie,Phantom Boy,Jean-Loup Felicioli,2015,PG,Action & Adventure
TV Show,PJ Masks,,2016,TV-Y,Kids' TV
TV Show,Sudden,,2013,TV-14,International TV Shows
TV Show,The Code,,2014,TV-MA,Crime TV Shows
TV Show,The Dream Catchers,,2009,TV-14,International TV Shows
Movie,The Free Man,Toa Fraser,2016,TV-PG,Documentaries
Movie,The Lion Woman,Vibeke Idsøe,2016,TV-PG,Dramas
Movie,The President's Barber,Chan-sang Lim,2004,TV-MA,Comedies
Movie,Tokyo Idols,Kyoko Miyake,2017,TV-14,Documentaries
Movie,Verónica,Carlos Algara,2017,TV-MA,Dramas
Movie,Welcome to Monster High: The Origin Story,Stephen Donnelly,2016,TV-Y7,Children & Family Movies
TV Show,What She Put on the Table,,2017,TV-PG,International TV Shows
Movie,Wrong Side Raju,Mikhil Musale,2016,TV-MA,Dramas
TV Show,Be with Me,,2015,TV-14,International TV Shows
TV Show,Be with You,,2015,TV-14,International TV Shows
Movie,Bombshell,Riccardo Pilizzeri,2016,TV-MA,Dramas
Movie,Chatô: The King of Brazil,Guilherme Fontes,2015,NR,Dramas
TV Show,Chewin' the Fat,,1999,TV-14,British TV Shows
TV Show,Fall in Love with Me,,2014,TV-14,International TV Shows
Movie,Harud,Aamir Bashir,2010,TV-14,Dramas
TV Show,Love Cheque Charge,,2014,TV-14,International TV Shows
TV Show,Masha's Spooky Stories,,2012,TV-Y,Kids' TV
Movie,Much Ado About Nothing,Alejandro Fernández Almendras,2016,NR,Dramas
TV Show,Murphy's Law of Love,,2015,TV-14,International TV Shows
Movie,My Big Night,Álex de la Iglesia,2015,TV-MA,Comedies
Movie,My Little Pony Equestria Girls: Legend of Everfree,Ishi Rudell,2016,TV-Y7,Children & Family Movies
TV Show,Old Money,David Schalko,2015,TV-14,International TV Shows
Movie,Pac's Scary Halloween,,2016,TV-Y7,Movies
Movie,Riphagen - The Untouchable,Pieter Kuijpers,2016,NR,Dramas
TV Show,Robotech,,1985,TV-MA,Anime Series
TV Show,Someone Like You,,2015,TV-14,International TV Shows
Movie,Umrika,Prashant Nair,2015,TV-14,Dramas
Movie,Unchained: The Untold Story of Freestyle Motocross,Paul Taublieb,2016,NR,Documentaries
Movie,Welcome Mr. President,Riccardo Milani,2013,TV-14,Comedies
TV Show,When I See You Again,,2015,TV-14,International TV Shows
TV Show,Wakfu: The Quest for the Six Eliatrope Dofus,,2014,TV-Y7-FV,Kids' TV
Movie,A Stoning in Fulham County,Larry Elikann,1988,NR,Dramas
Movie,Adam: His Song Continues,Robert Markowitz,1986,NR,Dramas
Movie,Hard Lessons,Eric Laneuville,1986,NR,Dramas
Movie,In Defense of a Married Man,Joel Oliansky,1990,NR,Dramas
Movie,Quiet Victory: The Charlie Wedemeyer Story,Roy Campanella II,1988,TV-PG,Dramas
Movie,Strange Voices,Arthur Allan Seidelman,1987,NR,Dramas
Movie,The Ryan White Story,John Herzfeld,1989,TV-PG,Dramas
Movie,Too Young the Hero,Buzz Kulik,1988,NR,Dramas
Movie,Triumph of the Heart,Richard Michaels,1991,TV-PG,Dramas
Movie,Unspeakable Acts,Linda Otto,1990,NR,Dramas
